SUBSECRETARÍA;PARTIDA ALSMI;PARTIDA ARBA;C;S;FR.;MANZANA;PARCELA;SUBP.;INVENTARIO ;ESPACIO;DIRECCION;PROPIO/ALQUILADO;PROPIO/ALQUILADO - Copia;COBERTURA DE SEGURO ;LATITUD;LONGITUD
SUBS. CULTURA;416;416;3;C;61;;2;B;;AUDITORIO HUGO DEL CARRIL;Diag. Saenz Peña 4151, J.L.Suárez;PROPIO;PROPIO;INTEGRAL;-345.478;-5.858.109
SUBS. CULTURA;31969;31969;3;V;1;42;9;;102014;CASA MERCADO;1° Junta 5965, Billinghurst;PROPIO;PROPIO;INTEGRAL ;-3.457.582;-585.765
SUBS. CULTURA;;222281;2;C;;211;1;;;CENTRO CULTURAL CARCOVA;Combet y Costanera, Carcova;VER ESTADO;URBANIZADORA NORTE SRL;NO;-3.451.937;-5.858.094
SUBS. CULTURA;;;;;;;;;;COMEDIA MUNICIPAL (GALPON SAN ANDRES);Bolivia 2950, San Andrés;COMODATO;COMODATO;NO;-3.456.426;-58.541
SUBS. CULTURA;12496;12496;1;A;1;57;23;A;85235;COMPLEJO CULTURAL PLAZA;Int. Campos 2089, San Martín;PROPIO;PROPIO;INTEGRAL;-345.763;-5.853.746
SUBS. CULTURA;416;416;3;C;61;;2;B;;ESCUELA DANZA, MÚSICA Y CIRCO;Av. Gral. J.M.Rosas y Av. 9 de Julio, J.L.Suárez;PROPIO;PROPIO;EN PROCESO;-3.452.821;-5.857.406
SUBS. CULTURA;;;;;;;;;;ESCUELA MUNICIPAL DE DANZA;San Martín 1693, San Martín;ALQUILER;ALQUILER;INTEGRAL;-3.457.575;-5.853.709
SUBS. CULTURA;;98146;2;P;1;85;10;;85172;ESCUELA MUNICIPAL DE MÚSICA;Ricardo Guiraldes , Villa Maipú ;PROPIO;PROPIO;NO;-3.456.833;-585.219
SUBS. CULTURA;;;;;;;;;;ESCUELA MUNICIPAL DE MÚSICA;San Martín 1681, San Martín;ALQUILER;ALQUILER;EN PROCESO;-3.457.575;-5.853.709
SUBS. CULTURA;;31340;3;H;3;1;17;A;121490;ESPACIO CULTURAL BALLESTER;Vicente López  2946, Villa Ballester;PROPIO;PROPIO;INTEGRAL;-3.455.218;-5.855.583
SUBS. CULTURA;6694;6694;2;K;1;81;36;C;88705;MUSEO CASA CARNACCINI;Pueyrredón 2720, Villa Ballester;PROPIO;PROPIO;R.C. / ROBO;-3.455.093;-5.855.282
SUBS. CULTURA;107129;;;;;;;;;MUSEO FOTOGRÁFICO WITCOMB;Industria 3050, Villa Ballester;COMODATO;COMODATO;R.C.;-3.455.718;-5.855.171
SUBS. CULTURA;200970;166526;3;O;4;79;;;109034;MUSEO JOSÉ HERNÁNDEZ;Presbístero Carballo 5042, Villa Ballester;PROPIO;PROPIO;R.C.;-3.456.187;-5.857.297
SUBS. CULTURA;156301;156301;3;J;4;29;29;G;85160;MUSEO JUAN MANUEL DE ROSAS;Diego Pombo 3324, San Andrés;PROPIO;PROPIO;R.C. / INCENDIO / ROBO;-3.456.624;-5.854.444
SUBS. DD.HH;634584;251229;3;S;1;;3;;;"CEC ""COSTA ESPERANZA""";Córdoba y Camino Bicentenario, Barrio Libertador;PROPIO;PROPIO;NO;-3.455.455;-5.859.253
SUBS. DD.HH;53795;53795;3;U;1;26;24;;;CEC BILLINGHURST;Maipú 5762 (entre Moreno y Naón), Billinghurst;PROPIO;PROPIO;NO;-3.456.951;-5.857.948
SUBS. DD.HH;140082;140082;2;B;43;90;24;;85224;CEC E. NECOCHEA;Mitre N° 9560 e/Cisneros y Obligado Villa Hidalgo;PROPIO;PROPIO;NO;-345.414;-5.858.713
SUBS. DD.HH;68053;68053;2;C;;10;;;;"CEC PARQUE ESCUELA VILLA HIDALGO / CEC  ""VILLA HIDALGO"" / PARQUE ESCUELA VILLA HIDALGO ";Pedro Seguí 1820 J.L.Suárez;PROPIO;ESTADO NACIONAL;NO;-3.450.946;-5.858.824
SUBS. DD.HH;86511;86511;3;O;;71;19;;;CEC SANTA ANA;3 de Febrero 2590, San Andrés;COMODATO;SALA PRIMERO AUXILIOS SANTA ANA ;NO;-3.456.481;-58.534
SUBS. DD.HH;;45873;2;J;;20;4;;;CEC VILLA BALLESTER;Quintana 4958, Villa Ballester;COMODATO;COMODATO;NO;-3.454.097;-5.854.572
SUBS. DD.HH;76503;76503;5;C;;88;9;;;CEC VILLA LYNCH;Azcuenaga 4556, Villa Lynch;PROPIO;ACTA DE POSESIÓN 760-S-20;NO;-3.459.581;-5.853.006
SUBS. DD.HH;206680;175071;3;K;;81;;;;"CENTRO JUVENIL ""9 DE JULIO""";9 de Julio esq. Calle 6, Lanzone;PROPIO;PCIA.BS.AS.;R.C.;-3.453.684;-5.859.616
SUBS. DD.HH;53795;53795;3;U;1;26;24;;;"CENTRO JUVENIL ""BILLINGHURST""";Maipú 5762, Billinghurst;PROPIO;PROPIO;NO;-3.456.951;-5.857.948
SUBS. DD.HH;608277;222281;2;C;;211;1;;;"CENTRO JUVENIL ""CARCOVA""";Paso de la Patria y Av. Central, Barrio Carcova;VER ESTADO;URBANIZADORA NORTE SRL;NO;-3.452.217;-5.858.263
SUBS. DD.HH;209517;;3;C;62;;1;;85233;"CENTRO JUVENIL ""ELENA Y SALVADOR""";Gorriti 4301, Barrio Lanzone;PROPIO;PROPIO;R.C.;-3.454.483;-5.858.444
SUBS. DD.HH;217113;185061;3;A;;80;4;;92591;"CENTRO JUVENIL ""INDEPENDENCIA""";Av. Brig. Gral. J.M. Rosas 3201, J.L.Suárez;PROPIO;PROPIO;R.C.;-3.453.741;-5.857.837
SUBS. DD.HH;621505;56795;2;L;1;;9;D;85236;"CENTRO JUVENIL ""LA RANA""";Canese 4100, Villa Ballester;PROPIO;PROPIO;R.C.;-3.454.091;-5.853.251
SUBS. DD.HH;610062;38037;3;B;1;;1;X;;"CENTRO JUVENIL ""LOS EUCALIPTUS""";La Paloma y Calle 6, J.L. Suárez;PROPIO;PROPIO;NO;-3.453.363;-5.859.247
SUBS. DD.HH;634584;251229;3;S;1;;3;;;CENTRO JUVENIL COSTA ESPERANZA;Córdoba y Camino Bicentenario, Barrio Libertador;PROPIO;PROPIO;NO;-3.455.455;-5.859.253
SUBS. DD.HH;;;;;;;;;;DIR. DE ADULTOS MAYORES /ESPACIO ADULTOS MAYORES;Int. Campos 1793, San Martín;ALQUILER;ALQUILER;R.C. / INCENDIO;-3.457.898;-5.853.446
SUBS. DD.HH;;;;;;;;;;ESPACIO ABIERTO (SEDRONAR);Av. 25 de Mayo 2091 San Martin ;ALQUILER;ALQUILER;INTEGRAL;-3.457.377;-5.853.445
SUBS. DD.HH;;;;;;;;;;ESPACIO JUVENTUDES;Moreno 3943, San Martín;COMODATO;COMODATO;R.C.;-3.457.966;-5.853.783
SUBS. DD.HH;;;;;;;;;;ESPACIO TRANS;Elflein 4301, J.L.Suarez;ALQUILER;ALQUILER;R.C.;-3.454.435;-5.858.502
SUBS. DD.HH;;51163;1;B;1;46;7;;85177;"HOGAR DE ADULTOS ""SARAH F. CUELLI""";Dardo Rocha 2030, San Martín;PROPIO;PROPIO;R.C.;-3.458.232;-5.854.347
DEPORTES;416;416;3;C;61;;2;G;;C.E.M.E.F. /DIR. DEPORTES ;Saenz Peña y 9 de Julio, J.L.Suárez;PROPIO;PROPIO;R.C.;-345.433;-5.857.682
DEPORTES;5105;5105;5;C;1;29;1;C;117567;CENTRO CULTURAL Y DEPORTIVO PERETZ;Rodriguez Peña 4036, Villa Lynch;PROPIO;PROPIO;INTEGRAL;-3.456.877;-5.856.422
DEPORTES;416;416;3;C;61;;2;B;;NATATORIO MUNICIPAL EVA PERON;Av. J.M.Rosas y Av. 9 de Julio, J.L.Suárez;PROPIO;PROPIO;R.C.;-3.453.685;-5.857.771
DEPORTES;;154004;1;B;43;91/A;;;86350;PARQUE JOSÉ HERNÁNDEZ;Av. Juan D. Perón y Cnel. Momm, San Martín;PROPIO;PROPIO;R.C.;-3.458.132;-5.855.411
DEPORTES;102791;102791;3;N;;59;1;A;;UNION VECINAL SARMIENTO;Sarandí 5101, San Martín;PROPIO;PCIA.BS.AS.;NO;-3.456.104;-5.858.269
SUBS. DE MUJERES Y POLÍTICAS DE GÉNERO;;;;;;;;;;ESTACIÓN INFANCIAS;Estrada 3053, Villa Maipú;FERROCARRIL ;FERROCARRIL ;INTEGRAL;-3.457.385;-5.853.083
JEFATURA DE GABINETE;;;;;;;;;;DEPÓSITO CALLE POSADAS;Posadas 2463, Villa Libertad;ALQUILER;ALQUILER;NO;-3.458.664;-5.855.723
SUBS. PROTECCIÓN DE DERECHOS;;;;;;;;;;SUBS. DE PROTECCIÓN DE DERECHOS DE NNYA;Tucumán 2191, San Martín;ALQUILER;ALQUILER;R.C.;-3.457.687;-5.854.034
SUBS. PROTECCIÓN DE DERECHOS;;;;;;;;;;DIR.GRAL. PROMOCIÓN DERECHOS INFANCIAS;Dr. Ramón Carrillo 2209, San Martín;ALQUILER;ALQUILER;INTEGRAL;-3.457.523;-5.853.902
SUBS. PROTECCIÓN DE DERECHOS;;;;;;;;;;SERVICIO LOCAL SUAREZ NORTE;Tucumán 2191, San Martín (PROVISIONAL);ALQUILER;ALQUILER;R.C.;-3.457.687;-5.854.034
SUBS. PROTECCIÓN DE DERECHOS;;;;;;;;;;SERVICIO LOCAL SUAREZ;Saen Peña 4300, J.L.Suárez;ALQUILER;ALQUILER;R.C.;-3.456.886;-5.853.632
SUBS. PROTECCIÓN DE DERECHOS;;;;;;;;;;SERVICIO LOCAL V.ZAGALA;Dr. Aleu 4369, Ballester;ALQUILER;ALQUILER;R.C. / INCENDIO;-3.455.325;-5.855.255
SUBS. PROTECCIÓN DE DERECHOS;;;;;;;;;;SERVICIO LOCAL BILLINGHURST;Naón 3968, Billinghurst;PROPIO;PROPIO;R.C.;-3.457.574;-5.857.093
SUBS. PROTECCIÓN DE DERECHOS;;;;;;;;;;DIR. HOGAR EVITA;Saenz Peña 4255, J.L.Suarez;PROPIO;PROPIO;R.C.;-3.454.827;-5.858.101
SUBS. DE MUJERES Y POLÍTICAS DE GÉNERO;;;;;;;;;;SUBS. DE LAS MUJERES Y POLITICAS DE GENERO ;"Dr. Ramón Carrillo 2133, 2 ""B"", San Martín";ALQUILER;ALQUILER;INTEGRAL;-3.457.602;-5.853.816
SUBS. DE MUJERES Y POLÍTICAS DE GÉNERO;;;1;B;;75;31;;85223;CASA REFUGIO (MUJER GOLPEADA);Matheu e/ M. Dasso y Alvear, San Martin ;PROPIO;PROPIO;NO;-3.458.341;-585.483
SUBS. DE MUJERES Y POLÍTICAS DE GÉNERO;;;;;;;;;;ESPACIO MUJERES J.L. SUÁREZ;Pacifico Rodriguez 7288, J.L- Suárez;ALQUILER;ALQUILER;INTEGRAL;-3.453.233;-5.857.581
SUBS. DE MUJERES Y POLÍTICAS DE GÉNERO;;;;;;;;;;ESPACIO DIVERSIDADES Y DISIDENCIAS;Matheu 3877, San Martín;ALQUILER;ALQUILER;R.C.;-345.767;-585.405
SUBS. DE CUIDADO INFANTIL;;;3;H;;11;;;85250;SUBSECRETARÍA DE CUIDADO INFANTIL  CI Y JARDÍN M. BELGRANO;Artigas 4756, Villa Ballester;PROPIO;PROPIO;R.C.;-3.455.372;-5.855.725
SUBS. DE CUIDADO INFANTIL;634584;251229;3;S;1;;3;;;"CENTRO CUIDADO  INFANTIL ""MARIA REMEDIOS DEL VALLE""";Córdoba y Camiona Bicentenario, Barrio Libertador;PROPIO;PROPIO;R.C.;-3.455.078;-5.860.343
SUBS. DE CUIDADO INFANTIL;;;2;C;;10;6;;;"CENTRO CUIDADO  INFANTIL ""MACACHA GÜEMES""";Pedro Seguí 1820, Villa Necochea;CEAMSE;CEAMSE;R.C.;-3.450.946;-5.858.824
SUBS. DE CUIDADO INFANTIL;633180;249659;3;A;1;;1AE;;;"CENTRO CUIDADO  INFANTIL ""ROSARITO VERA""";Padre Mugica esq. Artigas, Barrio Independencia;VER ESTADO;URBANIZADORA LATINOAMERICANA S.A.;R.C.;-3.453.198;-5.859.046
SUBS. DE CUIDADO INFANTIL;206680;;3;K;;81;;;;"DIR. CENTRO CUIDADO  INFANTIL ""ABUELA DELIA""";9 de Julio esq. Calle 6, Lanzone;CEAMSE;CEAMSE;R.C.;-3.452.938;-585.734
SUBS. DE CUIDADO INFANTIL;;;3;B;;76;19;;;"DIR. CENTRO CUIDADO  INFANTIL ""BUSCANDO EL SOL""";Debenedetti 8035, J.L. Suárez;PROPIO;EXPTE. 17653-D-2011;R.C.;-3.453.805;-5.858.944
SUBS. DE CUIDADO INFANTIL;416;416;3;C;61;;2;B;;"DIR. CENTRO CUIDADO  INFANTIL ""CHALECITOS""";Saenz Peña 4200 esq. 9 de Julio, J.L.Suárez;PROPIO;PCIA.BS.AS.;R.C.;-3.454.741;-5.858.017
SUBS. DE CUIDADO INFANTIL;603872;;3;M;;67;2;;;"DIR. CENTRO CUIDADO  INFANTIL ""MERCEDITAS""";Berutti 6902, Barrio Libertador;PROPIO;PROPIO;R.C.;-345.533;-585.927
SUBS. DE CUIDADO INFANTIL;182144;;2;N;1;;4;;;"DIR. CENTRO CUIDADO INFANTIL ""LOYOLA""";4 de Febrero y La Nueva, Villa Zagala;PROPIO;PROPIO;R.C.;-3.455.253;-5.852.633
SUBS. DE CUIDADO INFANTIL;;227905;3;A;;17;18;;105684;"DIR. CENTRO CUIDADO INFANTIL ""NTRA.SRA. ITATÍ""";Rivadavia 3606, Barrio Independencia;PROPIO;PROPIO;R.C.;-345.733;-5.854.016
SUBS. DE CUIDADO INFANTIL;608274;;2;C;;208;1;;;"DIR. CENTRO CUIDADO INFANTIL ""TIERRA DE ENCUENTRO""";Combet y Gascón, Barrio Nuevo;VER ESTADO;URBANIZADORA NORTE SRL;R.C.;-3.451.818;-5.858.263
SUBS. DE CUIDADO INFANTIL;;;2;F;;62;4;;85227;"DIR. CENTRO CUIDADO INFANTIL ""TREN BLANCO""";Av. Central 8156, Barrio Carcova;COMODATO;COMODATO;R.C.;-3.452.501;-5.857.908
SUBS. DE CUIDADO INFANTIL;149532;149532;2;G;;50A;9;;;"JARDÍN MUNICIPAL  ""BARRIO CAREN""";Chivilcoy 7401, J.L. Suárez;COMODATO;MON.TAL.CO SRL;R.C.;-3.452.436;-5.856.772
SUBS. DE CUIDADO INFANTIL;182144;;2;N;1;;4;;;JARDÍN MUNICIPAL DE INFANTES LOYOLA;4 de Febrero y La Nueva, Villa Zagala;PROPIO;PROPIO;R.C.;-34.553;-5.852.578
SALUD;5343;3;Q;1;81;1;A;;90207;BROMATOLOGÍA;Cnel. Mom 2634, Billinghurst;PROPIO;PROPIO;NO;-345.809;-5.855.495
SALUD;;;;;;;;;;C.G.P. VIH SIDA / DIR. OPERATIVA DE HABILITACIONES Y PERMISOS / DIR. DE GESTÓN DE RIEGO Y CONTROL OPERATIVO;ESPACIO SARMIENTO VS. SRIAS.  Sarmiento 1958, San Martín ;ALQUILER;ALQUILER;R.C. / INCENDIO;-3.457.572;-5.853.409
SALUD;209604;2;G;;91/A;10;L;;;CAPS 10;Garibaldi 1897, J.L.Suárez;PROPIO;PROPIO;NO;-3.452.804;-5.856.683
SALUD;11711;2;Q;;19;10;;;;CAPS 11;Berutti 1924 Villa Maipu ;PROPIO;PROPIO;NO;-3.456.972;-5.852.649
SALUD;84554;5;A;;21;23;B;;;CAPS 12;Parravicini 965, Villa Piaggio;COMODATO;COMODATO;NO;-3.458.418;-5.852.446
SALUD;31206;5;C;;32;13;A;;;CAPS 13;Azcuénaga 4061, Villa Lynch;COMODATO;COMODATO;NO;-3.459.258;-5.852.486
SALUD;136998;3;S;43;87;21;;;85175;CAPS 14;Mitre 7737, Barrio UTA;PROPIO;PROPIO;NO;-3.455.493;-5.860.627
SALUD;134234;3;K;43;37;1;A;;85226;CAPS 15;Iberá 7456, Barrio Lanzone;PROPIO;PROPIO;NO;-3.454.449;-5.859.008
SALUD;182144;2;N;1;;4;;;;CAPS 16;Pasaje A entre Mercedes y Mendoza, Villa Zagala;PROPIO;PROPIO;NO;-3.455.425;-5.852.787
SALUD;140082;2;B;43;90;24;;;85224;CAPS 17;Obligado 1610, Barrio Necochea;PROPIO;PROPIO;NO;-3.451.088;-5.858.354
SALUD;;;;;;;;;;CAPS 19;La Crujía 5815, Villa Libertad;ALQUILER;ALQUILER;INTEGRAL;-3.458.372;-5.856.367
SALUD;254;2;D;1;;1;D;;;CAPS 20;Paso de La Patria y Av. Central, Barrio Carcova;SIN CONFIRMAR;?;NO;-3.452.217;-5.858.263
SALUD;63063;5;D;;65;10;;;;CAPS 21;Güemes 2018, Villa Ayacucho;SIN CONFIRMAR;?;NO;-3.459.147;-5.855.575
SALUD;167579;3;B;3;70;24;;;91403;CAPS 22;Debenedetti 8555, Barrio Lanzone;PROPIO;PROPIO;NO;-3.453.433;-5.859.421
SALUD;251229;3;S;1;;3;;;;CAPS 23;Córdoba y Bicentenario, Costa Esperanza;PROPIO;PROPIO;NO;-3.454.993;-5.860.443
SALUD;;2;L;;25;;;;;CAPS 3;Independencia 876, Villa Concepción;PROPIO;PROPIO;NO;-3.454.607;-5.852.982
SALUD;153969;2;F;43;78/A;;;;85174;CAPS 4;Diag. J.V.González 50, J.L.Suárez;PROPIO;PROPIO;NO;-3.452.821;-5.857.406
SALUD;207590;3;O;;42;11;;;;CAPS 5;Ocampo 5023, Villa Zapiola;PROPIO;PROPIO;NO;-3.456.508;-5.857.508
SALUD;218608;3;M;21;67;2;;;86051;CAPS 6 ;Los Pensamientos 5321, Barrio Libertador;PROPIO;PROPIO;NO;-3.455.329;-5.859.264
SALUD;228217;3;A;3;9;1;C;;;CAPS 7;Malvinas Argentinas y Calle 2, Barrio Independencia;PROPIO;PROPIO;NO;-3.453.277;-5.858.584
SALUD;204134;;;;;;;;;CAPS 8;J.M.Campos 2152, San Andrés;COMODATO;COMODATO;NO;-3.455.779;-585.353
SALUD;24621;3;V;1;32;12;A;;85221;CAPS 9;Primera Junta 5865, Billinghurst;PROPIO;PROPIO;NO;-3.457.492;-5.857.544
SALUD;51425;1;B;1;34;12;;;85173;CENTRO DE REHABILITACIÓN/ CTRO. DE SALUD MENTAL PICHÓN RIVIERE;Matheu 4441, San Martín;PROPIO;PROPIO;NO;-3.458.031;-5.854.493
SALUD;;;;;;;;;;FARMACIA Y PRODIABA;Pellegrini, entre Lincoln y Moreno;PROPIO;PROPIO;NO;-3.457.943;-5.853.732
SALUD;;3;C;61;;2;B;;;HOSPITAL FLEMMING;Av. Brig. Gral. J.M.Rosas 4230, J.L.Suárez;PROPIO;PROPIO;NO;-3.453.889;-5.857.812
SALUD;63500;2;K;1;56;11;A;;85251;HOSPITAL MARENGO;República 4612, Villa Ballester;PROPIO;PROPIO;R.C.;-3.454.766;-5.854.959
SALUD;150098;1;B;43;35;1;;;;HOSPITAL THOMPSON;Avellaneda 2131, San Martin ;PROPIO;PROPIO;R.C. / INCENDIO;-3.458.127;-585.444
SALUD;;2;C;;;;;;;POSTA BARRIO NUEVO;Gascón 2149e/Combet y Libertad (Villa Carcova);PROPIO;PROPIO;NO;-3.451.846;-5.858.286
SALUD;92642;3;N;;56;1;A;;;POSTA BARRIO SARMIENTO;Av. Colon 5998, esq. Campichuelo;PROPIO;PROPIO;NO;-3.455.703;-5.858.404
SALUD;;2;D;1;;;;;;POSTA DE SALUD B° 13 DE JULIO;Eva Duarte s/n, Barrio 13 de Julio;SIN CONFIRMAR;?;NO;-3.453.036;-585.812
SALUD;174989;3;L;;65;;;;;POSTA MÉDICA 8 DE MAYO;Calle 192 y Av. 113, Barrio 8 de Mayo;SIN CONFIRMAR;?;NO;-3.454.361;-5.859.897
SALUD;;3;C;61;;2;B;;;S.E.M;San Ramón 6522, J.L.Suárez;PROPIO;PROPIO;NO;-3.454.631;-5.858.064
SALUD;23328;3;X;;30;1;;;85178;ZOONOSIS;Almeyra 2399, Villa Libertad;PROPIO;PROPIO;NO;-3.458.833;-5.855.772
SUBS. ABORDAJE TERRITORIAL ;;;;;;;;;;CAV CHILAVERT;Artigas 5900, Chilavert;ALQUILER;ALQUILER;INTEGRAL;-3.454.506;-5.856.772
SUBS. ABORDAJE TERRITORIAL ;;;;;;;;;;CAV J.L.SUÁREZ;Av. Brig. Gral. J.M. Rosas 2466, J.L.Suárez;ALQUILER;ALQUILER;INTEGRAL;-3.453.487;-5.857.743
SUBS. ABORDAJE TERRITORIAL ;;;;;;;;;;CAV BALLESTER;Lacroze 4866, Villa Ballester;ALQUILER;ALQUILER;INTEGRAL;-3.454.857;-585.538
SUBS. ABORDAJE TERRITORIAL ;;;;;;;;;;CAV TROPEZÓN;1° de Mayo 6104, Villa Libertad;FERROCARRIL;FERROCARRIL;INTEGRAL;-3.459.142;-5.855.992
SUBS. ABORDAJE TERRITORIAL ;5105;5105;5;C;1;29;1;;C;CAV PERETZ;Rodriguez Peña 4058, Villa Lynch;PROPIO;PROPIO;INTEGRAL;-3.456.871;-5.856.423
SUBS. ABORDAJE TERRITORIAL ;;;;;;;;;;CAV BONICH;Suipacha 3608, Villa Bonich;ALQUILER;ALQUILER;INTEGRAL;-3.457.339;-5.856.266
SUBS. ABORDAJE TERRITORIAL ;;;;;;;;;;CAV LIBERTADOR;Av. Libertador 7558, Barrio Libertador;ALQUILER;ALQUILER;INTEGRAL;-345.471;-5.859.454
SUBS. ABORDAJE TERRITORIAL ;;;;;;;;;;SUBSECRETARIA ABORDAJE TERRITORIAL;25 de Mayo, entre Belgrano y Moreno, San Martín;ALQUILER;ALQUILER;INCENDIO;-3.457.561;-5.853.275
SUBS. CONTROL URBANO ;;;;;;;;;;ESTACIONAMIENTO MEDIDO /DIR. GRAL. DE INFRAESTRUCTURA Y LOGISTICA / BODEGA;Moreno 4660;ALQUILER;ALQUILER;INTEGRAL;-3.458.456;-5.854.312
SUBS. SEGURIDAD ;;;;;;;;;;PATRULLAS URBANAS;Gral. Roca 4980 (Ruta 8 km. 18), Villa Ballester;ALQUILER;ALQUILER;R.C. / INCENDIO;-345.634;-5.857.415
SUBS. SEGURIDAD ;;;;;;;;;;DIR. DE SEGURIDAD Y RELACIONES CON LA COMUNIDAD (sin dirección);SIN UBICACIÓN;ALQUILER;ALQUILER;R.C.;-3.457.765;-5.853.707
SUBS. SEGURIDAD ;611531;232349;2;P;27;;6;;Y;BASE OPERATIVA DEFENSA CIVIL;Villegas 2197, Villa Maipú;PROPIO;PROPIO;NO;-3.456.487;-5.852.527
SUBS. SEGURIDAD ;;;;;;;;;;DIR. GRAL. CONTROL EN VÍA PÚBLICA;Alsina 1886, San Martín;PROPIO;HERENCIA VACANTE;NO;-3.458.299;-5.854.115
SUBS. TRANSPORTE, TRANSITO Y SEG.VIAL ;10174;10174;5;A;1;1;1;;A;DIR. GRAL. TRÁNSITO Y TRANSPORTE;Perdriel 3187, San Martín;PROPIO;PROPIO;INTEGRAL;-3.457.729;-5.852.866
SUBS. TRANSPORTE, TRANSITO Y SEG.VIAL ;;;;;;;;;;PLAYA DE SECUESTRO FELIX BALLESTER ;Felix Ballester 2471, San Martin ;ALQUILER;ALQUILER;NO;-3.457.568;-585.448
SUBS. TRANSPORTE, TRANSITO Y SEG.VIAL ;;;;;;;;;;PLAYA DE SECUESTROS Y MANEJO (COMBET);Combet 4961  o 1899, Villa Ballester;ALQUILER;ALQUILER;NO;-3.454.467;-5.854.948
HCD;;8834;2;J;1;78;3;;85205;HCD;Rivadavia 3767, San Martín;PROPIO;PROPIO;NO;-3.457.416;-5.854.165
JEFATURA DE GABINETE;;;;;;;;;;CTRO. DE LOGISTICA Y DISTRIBUCIÓN BELGRANO EX SUMINISTROS;Belgrano 4662;ALQUILER;ALQUILER;INTEGRAL;-3.458.364;-5.854.426
SUBS. SEGURIDAD ;;;;;;;;;;COM;Gral. Roca 4852 (Ruta 8 km. 18), Villa Ballester;ALQUILER;ALQUILER;R.C. / INCENDIO;-3.456.253;-5.857.358
AGENCIA P/LA PRODUC.;;20878;2;K;1;81;35;;87875;AGENCIA P/PRODUCCION Y DESARROLLO BALLESTER ;Pueyrredon 2734, Ballester;PROPIO;PROPIO;NO;-3.455.108;-5.855.298
JEFATURA DE GABINETE;24621;24621;3;V;1;32;12;;85221;CAV Y DELEGACIÓN MUNICIPAL BILLINGHURST;Primera Junta 5865, Billinghurst;PROPIO;PROPIO;NO;-3.457.492;-5.857.544
JEFATURA DE GABINETE;;;;;;;;;;DELEGACIÓN MUNICIPAL VILLA BALLESTER OESTE;Vicente Lopez  3037 Villa Ballester;ALQUILER;ALQUILER;INTEGRAL;-3.455.268;-5.855.683
JEFATURA DE GABINETE;;;;;;;;;;DPTO. DE MEDICINA LABORAL;San Lorenzo 3722;ALQUILER;ALQUILER;INTEGRAL;-3.456.555;-5.855.418
JEFATURA DE GABINETE;;;3;C;61;;2;;;UNIDAD GASTRONÓMICA;Saenz Peña y 9 de Julio, J.L.Suárez;PROPIO;PROPIO;NO;-3.454.435;-5.858.502
SUBS. DE DESARROLLO DE LA COMUNIDAD / Agencia para la Integración de Politicas Sociales ;;;;;;;;;;SUBS. DE DESARROLLO DE LA COMUNIDAD;Sarmiento 1928 San Martin ;ALQUILER;ALQUILER;INCENDIO;-3.455.397;-5.853.509
DESARROLLO SOCIAL;;219212;2;S;1;;2;;306;CUADRILLA DE MANTENIMIENTO/ CTRO. DE INCLUSION;Savio 2500, Villa Maipú;PROPIO;PROPIO;NO;-3.457.479;-5.852.182
OBRAS PUBLICAS;211874;5;A;5;;1;G;;86349;PARQUE YRIGOYEN;25 de Mayo y Colectora Gral. Paz, Villa Lynch;PROPIO;PROPIO;R.C. / INTEGRAL;-3.458.284;-5.851.659
SERVICIOS PÚBLICOS;23328;3;X;;30;1;;;85178;U.O. 2/DIR. PARQUES Y PASEOS;Almeyra 2369, Villa Libertad;PROPIO;PROPIO;NO;-3.458.841;-5.855.754
SERVICIOS PÚBLICOS;209517;3;C;62;;1;;;;U.O. 3;Av.Brig.Gral. J.M. Rosas 4275, Loma Hermosa;PROPIO;PROPIO;NO;-3.456.246;-5.860.214
OBRAS PUBLICAS;;;;;;;;;;CASA VERDE ;Balcarce 3038, Villa Ballester ;ALQUILER;ALQUILER;EN PROCESO;-3.455.132;-5.855.876
OBRAS PUBLICAS;VARIAS ;3;S;;99;;;;;PARQUE VIVERO BICENTENARIO;Bicentenario 6001, Barrio Libertador;PROPIO;PROPIO;NO;-3.455.078;-5.860.343
OBRAS PUBLICAS;4316;3;X;1;2;35;;;85991;CEMENTERIO;Cnel. Momm 2400, San Martín;PROPIO;PROPIO;R.C.;-3.458.323;-5.855.201
SERVICIOS PÚBLICOS;5343;3;Q;1;81;1;A;;90207;U.O. N° 1;J.C. Paz 5180, Villa Bonich;PROPIO;PROPIO;NO;-3.458.109;-585.559
JEFATURA DE GABINETE;;;;;;;;;;PALACIO MUNICIPAL ;belgrano 3747, San Martín;PROPIO;PROPIO;INTEGRAL;-3.457.765;-5.853.707
OBRAS PUBLICAS;9209;1;A;1;77;10;;;85990;PLAYA SUBTERRANEA;Pellegrini esq. Mitre ;PROPIO;PROPIO;R.C. GARAGE;-3.458.027;-5.853.631
SERVICIOS PÚBLICOS;;;;;;;;;;DEPÓSITO HIGIENE URBANA;Rondeau 2653, San Martín;PROPIO;PROPIO;NO;-3.457.608;-5.854.904
PRODUCCION Y DESARROLLO;49854;3;Q;1;9;28;A;;85234;SAN MARTÍN EMPRENDE;Av. Ricardo Balbín 2652, Billinghurst;PROPIO;PROPIO;INTEGRAL;-3.457.564;-5.854.848
PRODUCCION Y DESARROLLO;221902;2;C;1;171;1;A;;109870;PARQUE INDUSTRIAL ;Italia y Buen Ayre;PROPIO;PROPIO;NO;-3.452.915;-5.859.289
PRODUCCION Y DESARROLLO;;;;;;;;;;ECONOMÍA SOCIAL Y SOLIDARIA;Av. Ricardo Balbín 2813, Billinghurst;ALQUILER;ALQUILER;NO;-3.457.396;-5.854.992
PRODUCCION Y DESARROLLO;;;;;;;;;;PUNTO PYME;Av. Ricardo Balbín 2127, San Martín;ALQUILER;ALQUILER;INTEGRAL;-3.458.001;-5.854.261
 SUBS. POLITICA TERRITORIAL ;;;;;;;;;;METROLOGÍA LEGAL / DIR. DE DEFENSA AL CONSUMIDOR / DIR. DE MEDIACIÓN /  AGENCIA EMPLEO Y CAPACITACION LABORAL / SUBS. DE POLITICA TERRITORIAL;Dr. Ramón Carrillo 2163, San Martín;ALQUILER;ALQUILER;INCENDIO;-3.457.581;-5.853.847
ECONOMÍA Y HACIENDA;5343;3;Q;1;81;1;A;;90207;REZAGOS;Frondizi 2657, e/ Perón y José C Paz;PROPIO;PROPIO;NO;-3.458.116;-5.855.554
JEFATURA DE GABINETE;;;;;;;;;;DIR. DE POLITICAS ALIMENTARIAS (EX DIR. DE COMEDORES);Belgrano 4662, San Martin ;ALQUILER;ALQUILER;INTEGRAL;-3.458.364;-5.854.426
JEFATURA DE GABINETE;65059;2;H;;93;8;;;;DIRECCION GRAL. DE SISTEMAS DE PROTECCIÓN ;Independencia 6936, J.L.S;COMODATO ;COMODATO ;INCENDIO;-3.453.565;-5.857.338
JEFATURA DE GABINETE;;;;;;;;;;CUARTO DE INSPECTORES;San Pedro 1593, Villa Lynch;ALQUILER;ALQUILER;INTEGRAL;-3.458.352;-5.853.533
